{
    "0": {
        "0": {
            "f1-score": 0.9213051823416507,
            "precision": 0.8695652173913043,
            "recall": 0.9795918367346939,
            "support": 245.0
        },
        "1": {
            "f1-score": 0.9098901098901099,
            "precision": 0.9764150943396226,
            "recall": 0.8518518518518519,
            "support": 243.0
        },
        "2": {
            "f1-score": 0.0,
            "precision": 0.0,
            "recall": 0.0,
            "support": 0.0
        },
        "accuracy": 0.9159836065573771,
        "macro avg": {
            "f1-score": 0.6103984307439202,
            "precision": 0.6153267705769756,
            "recall": 0.6104812295288485,
            "support": 488.0
        },
        "weighted avg": {
            "f1-score": 0.9156210376577892,
            "precision": 0.9227712011995857,
            "recall": 0.9159836065573771,
            "support": 488.0
        }
    },
    "1": {
        "0": {
            "f1-score": 0.9128787878787878,
            "precision": 0.8515901060070671,
            "recall": 0.9836734693877551,
            "support": 245.0
        },
        "1": {
            "f1-score": 0.8973214285714286,
            "precision": 0.9804878048780488,
            "recall": 0.8271604938271605,
            "support": 243.0
        },
        "2": {
            "f1-score": 0.0,
            "precision": 0.0,
            "recall": 0.0,
            "support": 0.0
        },
        "accuracy": 0.9057377049180327,
        "macro avg": {
            "f1-score": 0.6034000721500722,
            "precision": 0.6106926369617053,
            "recall": 0.6036113210716385,
            "support": 488.0
        },
        "weighted avg": {
            "f1-score": 0.9051319880597545,
            "precision": 0.915774820813724,
            "recall": 0.9057377049180327,
            "support": 488.0
        }
    },
    "3": {
        "0": {
            "f1-score": 0.9128787878787878,
            "precision": 0.8515901060070671,
            "recall": 0.9836734693877551,
            "support": 245.0
        },
        "1": {
            "f1-score": 0.8973214285714286,
            "precision": 0.9804878048780488,
            "recall": 0.8271604938271605,
            "support": 243.0
        },
        "2": {
            "f1-score": 0.0,
            "precision": 0.0,
            "recall": 0.0,
            "support": 0.0
        },
        "accuracy": 0.9057377049180327,
        "macro avg": {
            "f1-score": 0.6034000721500722,
            "precision": 0.6106926369617053,
            "recall": 0.6036113210716385,
            "support": 488.0
        },
        "weighted avg": {
            "f1-score": 0.9051319880597545,
            "precision": 0.915774820813724,
            "recall": 0.9057377049180327,
            "support": 488.0
        }
    },
    "5": {
        "0": {
            "f1-score": 0.9108159392789373,
            "precision": 0.851063829787234,
            "recall": 0.9795918367346939,
            "support": 245.0
        },
        "1": {
            "f1-score": 0.8953229398663697,
            "precision": 0.9757281553398058,
            "recall": 0.8271604938271605,
            "support": 243.0
        },
        "2": {
            "f1-score": 0.0,
            "precision": 0.0,
            "recall": 0.0,
            "support": 0.0
        },
        "accuracy": 0.9036885245901639,
        "macro avg": {
            "f1-score": 0.6020462930484357,
            "precision": 0.6089306617090133,
            "recall": 0.6022507768539515,
            "support": 488.0
        },
        "weighted avg": {
            "f1-score": 0.9031011875222694,
            "precision": 0.9131405328800105,
            "recall": 0.9036885245901639,
            "support": 488.0
        }
    }
}