{
    "0": {
        "0": {
            "f1-score": 0.9577464788732394,
            "precision": 0.937007874015748,
            "recall": 0.9794238683127572,
            "support": 243.0
        },
        "1": {
            "f1-score": 0.9561586638830898,
            "precision": 0.9786324786324786,
            "recall": 0.9346938775510204,
            "support": 245.0
        },
        "2": {
            "f1-score": 0.0,
            "precision": 0.0,
            "recall": 0.0,
            "support": 0.0
        },
        "accuracy": 0.9569672131147541,
        "macro avg": {
            "f1-score": 0.6379683809187764,
            "precision": 0.6385467842160756,
            "recall": 0.6380392486212592,
            "support": 488.0
        },
        "weighted avg": {
            "f1-score": 0.9569493176589224,
            "precision": 0.9579054726450492,
            "recall": 0.9569672131147541,
            "support": 488.0
        }
    },
    "1": {
        "0": {
            "f1-score": 0.9598393574297188,
            "precision": 0.9372549019607843,
            "recall": 0.9835390946502057,
            "support": 243.0
        },
        "1": {
            "f1-score": 0.9581589958158996,
            "precision": 0.9828326180257511,
            "recall": 0.9346938775510204,
            "support": 245.0
        },
        "2": {
            "f1-score": 0.0,
            "precision": 0.0,
            "recall": 0.0,
            "support": 0.0
        },
        "accuracy": 0.9590163934426229,
        "macro avg": {
            "f1-score": 0.6393327844152061,
            "precision": 0.6400291733288451,
            "recall": 0.6394109907337421,
            "support": 488.0
        },
        "weighted avg": {
            "f1-score": 0.9589957332588464,
            "precision": 0.9601371569524173,
            "recall": 0.9590163934426229,
            "support": 488.0
        }
    },
    "3": {
        "0": {
            "f1-score": 0.9616161616161616,
            "precision": 0.9444444444444444,
            "recall": 0.9794238683127572,
            "support": 243.0
        },
        "1": {
            "f1-score": 0.9604989604989606,
            "precision": 0.9788135593220338,
            "recall": 0.9428571428571428,
            "support": 245.0
        },
        "2": {
            "f1-score": 0.0,
            "precision": 0.0,
            "recall": 0.0,
            "support": 0.0
        },
        "accuracy": 0.9610655737704918,
        "macro avg": {
            "f1-score": 0.6407050407050408,
            "precision": 0.6410860012554928,
            "recall": 0.6407603370566334,
            "support": 488.0
        },
        "weighted avg": {
            "f1-score": 0.9610552717110094,
            "precision": 0.9616994303973325,
            "recall": 0.9610655737704918,
            "support": 488.0
        }
    },
    "5": {
        "0": {
            "f1-score": 0.9617706237424547,
            "precision": 0.9409448818897638,
            "recall": 0.9835390946502057,
            "support": 243.0
        },
        "1": {
            "f1-score": 0.9603340292275574,
            "precision": 0.9829059829059829,
            "recall": 0.9387755102040817,
            "support": 245.0
        },
        "2": {
            "f1-score": 0.0,
            "precision": 0.0,
            "recall": 0.0,
            "support": 0.0
        },
        "accuracy": 0.9610655737704918,
        "macro avg": {
            "f1-score": 0.640701550990004,
            "precision": 0.6412836215985822,
            "recall": 0.6407715349514291,
            "support": 488.0
        },
        "weighted avg": {
            "f1-score": 0.961049382643787,
            "precision": 0.9620114182606114,
            "recall": 0.9610655737704918,
            "support": 488.0
        }
    }
}