"","","all",""
"","Errors","Errors","Errors","Errors","Errors","Errors","Errors","Errors","Errors","Errors","Errors","Errors","Errors","Errors","Errors"
"Runs","Correct","Wrong","No_sentiment","Correct","Wrong","No_sentiment","Correct","Wrong","No_sentiment","Correct","Wrong","No_sentiment","Correct","Wrong","No_sentiment"
"Run all",0.8073770491803278,0.036885245901639344,0.1557377049180328,0.5819672131147541,0.10860655737704918,0.3094262295081967,0.694672131147541,0.13524590163934427,0.17008196721311475,0.8340163934426229,0.08811475409836066,0.0778688524590164,0.8770491803278688,0.09016393442622951,0.03278688524590164
