{
    "0": {
        "all": {
            "correct": 0.8073770491803278,
            "no_sentiment": 0.1557377049180328,
            "wrong": 0.036885245901639344
        }
    },
    "1": {
        "all": {
            "correct": 0.5901639344262295,
            "no_sentiment": 0.3012295081967213,
            "wrong": 0.10860655737704918
        }
    },
    "2": {
        "all": {
            "correct": 0.6864754098360656,
            "no_sentiment": 0.18237704918032788,
            "wrong": 0.13114754098360656
        }
    },
    "3": {
        "all": {
            "correct": 0.8237704918032787,
            "no_sentiment": 0.0778688524590164,
            "wrong": 0.09836065573770492
        }
    },
    "4": {
        "all": {
            "correct": 0.8770491803278688,
            "no_sentiment": 0.03483606557377049,
            "wrong": 0.08811475409836066
        }
    }
}