{
    "0": {
        "all": {
            "correct": 0.8073770491803278,
            "no_sentiment": 0.1557377049180328,
            "wrong": 0.036885245901639344
        }
    },
    "1": {
        "all": {
            "correct": 0.5819672131147541,
            "no_sentiment": 0.3094262295081967,
            "wrong": 0.10860655737704918
        }
    },
    "2": {
        "all": {
            "correct": 0.694672131147541,
            "no_sentiment": 0.17008196721311475,
            "wrong": 0.13524590163934427
        }
    },
    "3": {
        "all": {
            "correct": 0.8340163934426229,
            "no_sentiment": 0.0778688524590164,
            "wrong": 0.08811475409836066
        }
    },
    "4": {
        "all": {
            "correct": 0.8770491803278688,
            "no_sentiment": 0.03278688524590164,
            "wrong": 0.09016393442622951
        }
    }
}