{
    "0": {
        "all": {
            "correct": 0.8073770491803278,
            "no_sentiment": 0.1557377049180328,
            "wrong": 0.036885245901639344
        },
        "key": {
            "correct": 0.8073770491803278,
            "no_sentiment": 0.1557377049180328,
            "wrong": 0.036885245901639344
        },
        "lower": {
            "correct": 0.9549180327868853,
            "no_sentiment": 0.00819672131147541,
            "wrong": 0.036885245901639344
        }
    },
    "1": {
        "all": {
            "correct": 0.5840163934426229,
            "no_sentiment": 0.3135245901639344,
            "wrong": 0.10245901639344263
        },
        "key": {
            "correct": 0.9631147540983607,
            "no_sentiment": 0.0,
            "wrong": 0.036885245901639344
        },
        "lower": {
            "correct": 0.9610655737704918,
            "no_sentiment": 0.0,
            "wrong": 0.0389344262295082
        }
    },
    "2": {
        "all": {
            "correct": 0.7233606557377049,
            "no_sentiment": 0.15163934426229508,
            "wrong": 0.125
        },
        "key": {
            "correct": 0.9651639344262295,
            "no_sentiment": 0.0,
            "wrong": 0.03483606557377049
        },
        "lower": {
            "correct": 0.9651639344262295,
            "no_sentiment": 0.0,
            "wrong": 0.03483606557377049
        }
    },
    "3": {
        "all": {
            "correct": 0.8094262295081968,
            "no_sentiment": 0.0778688524590164,
            "wrong": 0.11270491803278689
        },
        "key": {
            "correct": 0.9610655737704918,
            "no_sentiment": 0.0,
            "wrong": 0.0389344262295082
        },
        "lower": {
            "correct": 0.9610655737704918,
            "no_sentiment": 0.0,
            "wrong": 0.0389344262295082
        }
    }
}