{
    "0": {
        "all": {
            "correct": 0.9569672131147541,
            "no_sentiment": 0.0,
            "wrong": 0.0430327868852459
        }
    },
    "1": {
        "all": {
            "correct": 0.9549180327868853,
            "no_sentiment": 0.0,
            "wrong": 0.045081967213114756
        }
    },
    "2": {
        "all": {
            "correct": 0.9651639344262295,
            "no_sentiment": 0.0,
            "wrong": 0.03483606557377049
        }
    },
    "3": {
        "all": {
            "correct": 0.9590163934426229,
            "no_sentiment": 0.0,
            "wrong": 0.040983606557377046
        }
    },
    "4": {
        "all": {
            "correct": 0.9631147540983607,
            "no_sentiment": 0.0,
            "wrong": 0.036885245901639344
        }
    }
}