{
    "0": {
        "SP_contrast": 0.9569672131147541,
        "SP_original": 0.9569672131147541,
        "contrast": 0.9549180327868853,
        "original": 0.9549180327868853
    },
    "1": {
        "SP_contrast": 0.9603825136612022,
        "SP_original": 0.9610655737704917,
        "contrast": 0.9624316939890711,
        "original": 0.9631147540983607
    },
    "2": {
        "SP_contrast": 0.9617486338797815,
        "SP_original": 0.9617486338797815,
        "contrast": 0.9617486338797815,
        "original": 0.9610655737704917
    },
    "3": {
        "SP_contrast": 0.9617486338797815,
        "SP_original": 0.9617486338797815,
        "contrast": 0.9610655737704917,
        "original": 0.9610655737704917
    }
}