{
    "0": {
        "0": {
            "correct": 0.9549180327868853,
            "no_sentiment": 0.00819672131147541,
            "wrong": 0.036885245901639344
        }
    },
    "1": {
        "0": {
            "correct": 0.9610655737704918,
            "no_sentiment": 0.0,
            "wrong": 0.0389344262295082
        },
        "1": {
            "correct": 0.9610655737704918,
            "no_sentiment": 0.0,
            "wrong": 0.0389344262295082
        },
        "2": {
            "correct": 0.9610655737704918,
            "no_sentiment": 0.0,
            "wrong": 0.0389344262295082
        }
    },
    "2": {
        "0": {
            "correct": 0.9569672131147541,
            "no_sentiment": 0.0,
            "wrong": 0.0430327868852459
        },
        "1": {
            "correct": 0.9610655737704918,
            "no_sentiment": 0.0,
            "wrong": 0.0389344262295082
        },
        "2": {
            "correct": 0.9610655737704918,
            "no_sentiment": 0.0,
            "wrong": 0.0389344262295082
        }
    },
    "3": {
        "0": {
            "correct": 0.9651639344262295,
            "no_sentiment": 0.0,
            "wrong": 0.03483606557377049
        },
        "1": {
            "correct": 0.9610655737704918,
            "no_sentiment": 0.0,
            "wrong": 0.0389344262295082
        },
        "2": {
            "correct": 0.9631147540983607,
            "no_sentiment": 0.0,
            "wrong": 0.036885245901639344
        }
    }
}