{
    "0": {
        "0": {
            "correct": 0.9569672131147541,
            "no_sentiment": 0.0,
            "wrong": 0.0430327868852459
        }
    },
    "1": {
        "0": {
            "correct": 0.9610655737704918,
            "no_sentiment": 0.0,
            "wrong": 0.0389344262295082
        },
        "1": {
            "correct": 0.9590163934426229,
            "no_sentiment": 0.0,
            "wrong": 0.040983606557377046
        },
        "2": {
            "correct": 0.9610655737704918,
            "no_sentiment": 0.0,
            "wrong": 0.0389344262295082
        }
    },
    "2": {
        "0": {
            "correct": 0.9631147540983607,
            "no_sentiment": 0.0,
            "wrong": 0.036885245901639344
        },
        "1": {
            "correct": 0.9610655737704918,
            "no_sentiment": 0.0,
            "wrong": 0.0389344262295082
        },
        "2": {
            "correct": 0.9610655737704918,
            "no_sentiment": 0.0,
            "wrong": 0.0389344262295082
        }
    },
    "3": {
        "0": {
            "correct": 0.9631147540983607,
            "no_sentiment": 0.0,
            "wrong": 0.036885245901639344
        },
        "1": {
            "correct": 0.9590163934426229,
            "no_sentiment": 0.0,
            "wrong": 0.040983606557377046
        },
        "2": {
            "correct": 0.9631147540983607,
            "no_sentiment": 0.0,
            "wrong": 0.036885245901639344
        }
    }
}